INSERT INTO `db_grupo2`.`usuario`
(   `nombre_de_usuario`,  `apellido`, `fecha_de_nacimiento`,    `nombre`, `password`) VALUES
(   'Antonino@González',  'González',       '2002-09-26',     'Antonino',   'I7A8G9'),
(   'Augusto@Rodríguez', 'Rodríguez',       '2006-06-12',      'Augusto',   'Q0V1H1'),
(     'Bonifacio@Gómez',     'Gómez',       '2002-01-27',    'Bonifacio',   'Z0R6S1'),
( 'Benedicto@Fernández', 'Fernández',       '2006-01-09',    'Benedicto',   'J1M8P5'),
(      'Clemente@López',     'López',       '2014-09-14',     'Clemente',   'K1J9U1'),
(       'Cipriano@Díaz',      'Díaz',       '2001-04-02',     'Cipriano',   'I7K3J1'),
(   'Dalmacio@Martínez',  'Martínez',       '2013-08-11',     'Dalmacio',   'F1S9X0'),
(       'Deodato@Pérez',     'Pérez',       '2006-03-27',      'Deodato',   'A2D2S2'),
(     'Emeterio@García',    'García',       '2001-05-29',     'Emeterio',   'O6G9E9'),
(       'Ennio@Sánchez',   'Sánchez',       '2010-05-28',        'Ennio',   'T3C9V3'),
(       'Fausto@Romero',    'Romero',       '2002-12-24',       'Fausto',   'B3X9E9'),
(      'Fulgencio@Sosa',      'Sosa',       '2002-07-30',    'Fulgencio',   'Z1K5N1'),
(       'Gabino@Torres',    'Torres',       '2003-07-13',       'Gabino',   'R1A6H3'),
(   'Gaudencio@Álvarez',   'Álvarez',       '2017-08-23',    'Gaudencio',   'A7K7S3'),
(        'Hilario@Ruiz',      'Ruiz',       '2015-07-03',      'Hilario',   'J9Y6N7'),
(    'Honorato@Ramírez',   'Ramírez',       '2010-04-10',     'Honorato',   'J4K3A0'),
(      'Ignacio@Flores',    'Flores',       '2005-04-01',      'Ignacio',   'S1P9G7'),
(         'Ivo@Benítez',   'Benítez',       '2019-07-28',          'Ivo',   'F8K0U5'),
(       'Jenaro@Acosta',    'Acosta',       '2003-11-22',       'Jenaro',   'A2F9Y3'),
(        'Julio@Medina',    'Medina',       '2003-06-15',        'Julio',   'A5W0N2'),
(    'Laureano@Herrera',   'Herrera',       '2002-07-18',     'Laureano',   'V3G9K2'),
(      'Lorenzo@Suárez',    'Suárez',       '2015-10-14',      'Lorenzo',   'L9Y8E6'),
(     'Mamerto@Aguirre',   'Aguirre',       '2017-12-28',      'Mamerto',   'L0U9D1'),
(      'Máximo@Giménez',   'Giménez',       '2017-12-12',       'Máximo',   'P5X3W1'),
(   'Nicanor@Gutiérrez', 'Gutiérrez',       '2003-11-12',      'Nicanor',   'O0K6H9'),
(    'Nazareno@Pereyra',   'Pereyra',       '2011-05-06',     'Nazareno',   'I6A6I4'),
(       'Octavio@Rojas',     'Rojas',       '2008-04-22',      'Octavio',   'H7D6I4'),
(         'Omar@Molina',    'Molina',       '2009-05-29',         'Omar',   'W0B3A2'),
(      'Pascual@Castro',    'Castro',       '2000-11-07',      'Pascual',   'I5N9K7'),
(     'Prudencio@Ortiz',     'Ortiz',       '2017-12-09',    'Prudencio',   'F8L4O3'),
(        'Renato@Silva',     'Silva',       '2001-01-07',       'Renato',   'U2L2J3'),
(         'Román@Núñez',     'Núñez',       '2007-06-13',        'Román',   'K1D9R1'),
(         'Sancho@Luna',      'Luna',       '2011-08-08',       'Sancho',   'E2L5Q7'),
(       'Severo@Juárez',    'Juárez',       '2012-12-29',       'Severo',   'P5Y4X6'),
(     'Toribio@Cabrera',   'Cabrera',       '2003-12-20',      'Toribio',   'L0K0C5'),
(       'Teodosio@Ríos',      'Ríos',       '2006-12-17',     'Teodosio',   'E3L0S6'),
(        'Urso@Morales',   'Morales',       '2002-10-04',         'Urso',   'M0S0L1'),
(        'Udolfo@Godoy',     'Godoy',       '2011-09-01',       'Udolfo',   'L9P3M2'),
(     'Valdemar@Moreno',    'Moreno',       '2019-06-19',     'Valdemar',   'V0H9K0'),
( 'Vespasiano@Ferreyra',  'Ferreyra',       '2017-09-13',   'Vespasiano',   'R1U0O1'),
(  'Wilfrido@Domínguez', 'domínguez',       '2011-11-24',     'Wilfrido',   'E9L7A7'),
(   'Wenceslao@Carrizo',   'Carrizo',       '2001-03-18',    'Wenceslao',   'X3X0B6'),
(      'Xavier@Peralta',   'Peralta',       '2010-03-10',       'Xavier',   'R3U9M5'),
(    'Xóchtil@Castillo',  'Castillo',       '2007-06-03',      'Xóchtil',   'E0X4O2'),
(        'Yune@Ledesma',   'Ledesma',       '2017-02-03',         'Yune',   'U3V2T9'),
(        'Yaco@Quiroga',   'Quiroga',       '2008-03-24',         'Yaco',   'D7K0G8'),
(          'Zenón@Vega',      'Vega',       '2018-11-27',        'Zenón',   'B4V5N1'),
(        'Zenobio@Vera',      'Vera',       '2018-10-31',      'Zenobio',   'G5W7V7'),
(         'Astor@Muñoz',     'Muñoz',       '2017-02-03',        'Astor',   'P3T3S6'),
(        'Amadeo@Ojeda',     'Ojeda',       '2007-02-22',       'Amadeo',   'N2Q5Q5'),
(          'Alba@Ponce',     'Ponce',       '2003-02-23',         'Alba',   'W1G6V1'),
(     'Amparo@Villalba',  'Villalba',       '2001-10-08',       'Amparo',   'I7U7Q2'),
(      'Aurora@Cardozo',   'Cardozo',       '2009-01-07',       'Aurora',   'B0M4R5'),
(     'Beatrix@Navarro',   'Navarro',       '2011-10-20',      'Beatrix',   'F1W1K2'),
(      'Benita@Coronel',   'Coronel',       '2007-12-18',       'Benita',   'U6C7N0'),
(     'Caridad@Vázquez',   'Vázquez',       '2013-07-05',      'Caridad',   'E0T9S3'),
(   'Consolación@Ramos',     'Ramos',       '2005-04-21',  'Consolación',   'T1J9B6'),
(    'Covadonga@Vargas',    'Vargas',       '2000-12-09',    'Covadonga',   'L4S0Q7'),
(       'Diana@Cáceres',   'Cáceres',       '2017-08-08',        'Diana',   'V7Q8O2'),
(       'Dolores@Arias',     'Arias',       '2004-10-16',      'Dolores',   'Y4D0Z2'),
('Encarnación@Figueroa',  'Figueroa',       '2019-06-07',  'Encarnación',   'H8T2D9'),
(    'Engracia@Córdoba',   'Córdoba',       '2004-05-06',     'Engracia',   'X2C9G5'),
(    'Esperanza@Correa',    'Correa',       '2019-05-10',    'Esperanza',   'K5A4R1'),
( 'Felicidad@Maldonado', 'Maldonado',       '2017-03-12',    'Felicidad',   'Y8G3H3'),
(           'Flora@Paz',       'Paz',       '2017-11-28',        'Flora',   'N9H7B4'),
(         'Gema@Rivero',    'Rivero',       '2008-08-01',         'Gema',   'K7W1V0'),
(      'Gloria@Miranda',   'Miranda',       '2002-10-13',       'Gloria',   'E6N1O6'),
(     'Gracia@Mansilla',  'Mansilla',       '2011-02-01',       'Gracia',   'F3Y7D8'),
(    'Hortensia@Farias',    'Farias',       '2017-04-26',    'Hortensia',   'W0Z8L8'),
(       'Imelda@Roldán',    'Roldán',       '2010-05-03',       'Imelda',   'B8G7I1'),
(       'Jovita@Méndez',    'Méndez',       '2017-10-15',       'Jovita',   'B7V8K2'),
(        'Julia@Guzmán',    'Guzmán',       '2001-01-02',        'Julia',   'E1A8G0'),
(      'Leticia@Aguero',    'Aguero',       '2016-08-30',      'Leticia',   'M4D0B3'),
(     'Lucía@Hernández', 'Hernández',       '2011-06-11',        'Lucía',   'I1I5N3'),
(          'Luz@Lucero',    'Lucero',       '2018-03-26',          'Luz',   'A8J5M3'),
(        'Mariana@Cruz',      'Cruz',       '2015-07-21',      'Mariana',   'K0U0V0'),
(         'Marina@Páez',      'Páez',       '2007-11-08',       'Marina',   'L8F1K9'),
(     'Nivaria@Escobar',   'Escobar',       '2017-12-04',      'Nivaria',   'M9O9K7'),
(      'Noelia@Mendoza',   'Mendoza',       '2006-10-28',       'Noelia',   'H5S5H4'),
(       'Norma@Barrios',   'Barrios',       '2000-01-26',        'Norma',   'W5C7N3'),
(       'Olivia@Bustos',    'Bustos',       '2014-08-25',       'Olivia',   'U1S6L1'),
(        'Paloma@Ávila',     'Ávila',       '2015-11-10',       'Paloma',   'C5I0Y4'),
(      'Patricio@Ayala',     'Ayala',       '2000-06-17',     'Patricio',   'Q5D1L6'),
(        'Petra@Blanco',    'Blanco',       '2010-06-22',        'Petra',   'Q1C3A9'),
(  'Purificación@Soria',     'Soria',       '2018-10-08', 'Purificación',   'M2P6D9'),
(       'Rocío@Maidana',   'Maidana',       '2015-02-24',        'Rocío',   'T6W1I0'),
(       'Rosalba@Acuña',     'Acuña',       '2015-08-26',      'Rosalba',   'Z8P6L1'),
(    'RupesNigra@Leiva',     'Leiva',       '2006-09-16',  'Rupes Nigra',   'I3K1B0'),
(       'Silvia@Duarte',    'Duarte',       '2006-02-01',       'Silvia',   'C8R8O2'),
(      'Taciana@Moyano',    'Moyano',       '2002-06-03',      'Taciana',   'A4U6Q0'),
(       'Ursula@Campos',    'Campos',       '2002-05-20',       'Ursula',   'U6A7W2'),
(      'Valentina@Soto',      'Soto',       '2002-09-03',    'Valentina',   'L0M1B1'),
(     'Verónica@Martín',    'Martín',       '2010-06-23',     'Verónica',   'X4L2M6'),
(     'Victoria@Valdez',    'Valdez',       '2004-10-02',     'Victoria',   'X1V9G3'),
(      'Virginia@Bravo',     'Bravo',       '2009-03-14',     'Virginia',   'G4J7D2'),
(     'Zeferina@Chávez',    'Chávez',       '2017-09-28',     'Zeferina',   'S0N7N5'),
(   'Claudis@Velázquez', 'Velázquez',       '2019-01-17',      'Claudis',   'U3D8U0'),
(     'Honoria@Olivera',   'Olivera',       '2006-02-24',      'Honoria',   'W7E9A9'),
(   'Clementina@Toledo',    'Toledo',       '2001-03-04',   'Clementina',   'L6R8S9'),
(          'Eva@Franco',    'Franco',       '2017-06-26',          'Eva',   'E4P3R2');

INSERT INTO `db_grupo2`.`categoria`
(`id_categoria`,              `descripcion`) VALUES
(           '1',                   'Musica‎'),
(           '2',                  'Deporte‎'),
(           '3',            'Investigacion‎'),
(           '4',                 'Noticias‎'),
(           '5',          'Entretenimiento‎'),
(           '6',                    'Salud‎');

INSERT INTO `db_grupo2`.`documento`
(`id_documento`,                                                                `titulo`,  `fecha_publicacion`, `extension_archivo`, `propietario_nombre_de_usuario`) VALUES
(           '1',                                                          'Don Quijote ',        '1605-01-01',             'epub',			     'Antonino@González'),
(           '2',                      'Historia de dos ciudades (A Tale of Two Cities) ',        '1859-01-01',              'doc',			     'Augusto@Rodríguez'),
(           '3',                      'El Señor de los Anillos (The Lord of the Rings) ',        '1954-01-01',             'epub',			       'Bonifacio@Gómez'),
(           '4',                                      'El principito (Le Petit Prince) ',        '1943-01-01',              'doc',			   'Benedicto@Fernández'),
(           '5',                                               'El hobbit (The Hobbit) ',        '1937-01-01',             'epub',			        'Clemente@López'),
(           '6',                            'Sueño en el pabellón rojo (Hóng lóu mèng) ',        '1759-01-01',              'pdf',			         'Cipriano@Díaz'),
(           '7',                             'Triple representatividad (Sānge dàibiǎo) ',        '2001-01-01',              'pdf',			     'Dalmacio@Martínez'),
(           '8',                                                        'Diez negritos ',        '1939-01-01',             'epub',			         'Deodato@Pérez'),
(           '9',                 'Las aventuras de Alicia en el país de las maravillas ',        '1865-01-01',              'doc',			       'Emeterio@García'),
(          '10', 'El león, la bruja y el ropero (The Lion, the Witch and the Wardrobe) ',        '1950-01-01',             'epub',			         'Ennio@Sánchez'),
(          '11',                                                           'Ella (She) ',        '1887-01-01',              'doc',			         'Fausto@Romero'),
(          '12',                               'El código Da Vinci (The Da Vinci Code) ',        '2003-01-01',             'epub',			        'Fulgencio@Sosa'),
(          '13',                           'El cazador oculto (The Catcher in the Rye) ',        '1951-01-01',              'pdf',			         'Gabino@Torres'),
(          '14',                                         'El alquimista (O Alquimista) ',        '1988-01-01',              'pdf',			     'Gaudencio@Álvarez'),
(          '15',                                 'El camino a Cristo (Steps to Christ) ',        '1892-01-01',              'doc',			          'Hilario@Ruiz'),
(          '16',                                 'Heidi (Heidis Lehr- und Wanderjahre) ',        '1880-01-01',              'doc',			      'Honorato@Ramírez'),
(          '17',                       'Ana de las Tejas Verdes (Anne of Green Gables) ',        '1908-01-01',              'doc',			        'Ignacio@Flores'),
(          '18',                            'El nombre de la rosa (Il Nome della Rosa) ',        '1980-01-01',              'txt',			           'Ivo@Benítez'),
(          '19',                                    'El informe Hite (The Hite Report) ',        '1976-01-01',              'txt',			         'Jenaro@Acosta'),
(          '20',                           'La telaraña de Charlotte (Charlotte´s Web) ',        '1952-01-01',              'txt',			          'Julio@Medina'),
(          '21',   'El cuento de Perico, el conejo travieso (The Tale of Peter Rabbit) ',        '1902-01-01',              'txt',			      'Laureano@Herrera'),
(          '22',                            'Harry Potter y las Reliquias de la Muerte' ,        '2007-01-01',              'txt',			        'Lorenzo@Suárez'),
(          '23',                  'Juan Salvador Gaviota (Jonathan Livingston Seagull) ',        '1970-01-01',              'txt',			       'Mamerto@Aguirre'),
(          '24',                            'Un mensaje a García (A Message to Garcia) ',        '1899-01-01',              'txt',			        'Máximo@Giménez'),
(          '25',                               'Ángeles y demonios (Angels and Demons) ',        '2000-01-01',              'doc',			     'Nicanor@Gutiérrez'),
(          '26', 'Así se templó el acero (Как закалялась сталь, Kak zakalyalas´ stal´) ',        '1932-01-01',              'pdf',			      'Nazareno@Pereyra'),
(          '27',                              'Guerra y paz (Война и мир, Voyna i mir) ',        '1869-01-01',              'pdf',			         'Octavio@Rojas'),
(          '28',                                             'Las aventuras de Pinocho ',        '1881-01-01',             'epub',			           'Omar@Molina'),
(          '29',                   'Usted puede sanar su vida (You Can Heal Your Life) ',        '1984-01-01',              'txt',			        'Pascual@Castro'),
(          '30',                                          'Kane y Abel (Kane and Abel) ',        '1979-01-01',              'doc',			       'Prudencio@Ortiz'),
(          '31',                            '50 sombras de Grey (Fifty Shades of Grey) ',        '2011-01-01',             'epub',			          'Renato@Silva'),
(          '32',     'Diario de Ana Frank o Las habitaciones de atrás (Het Achterhuis) ',        '1947-01-01',              'pdf',			           'Román@Núñez'),
(          '33',                    'En Sus pasos (In His Steps: What Would Jesus Do?) ',        '1896-01-01',              'pdf',			           'Sancho@Luna'),
(          '34',                            'Matar un ruiseñor (To Kill a Mockingbird) ',        '1960-01-01',             'epub',			         'Severo@Juárez'),
(          '35',                        'El valle de las muñecas (Valley of the Dolls) ',        '1966-01-01',              'pdf',			       'Toribio@Cabrera'),
(          '36',                       'Lo que el viento se llevó (Gone with the Wind) ',        '1936-01-01',              'doc',			         'Teodosio@Ríos'),
(          '37',                                                 'Cien años de soledad ',        '1967-01-01',              'txt',			          'Urso@Morales'),
(          '38',                     'Una vida con propósito (The Purpose Driven Life) ',        '2002-01-01',              'doc',			          'Udolfo@Godoy'),
(          '39',    'El pájaro espino, El pájaro canta hasta morir o Amor entre espinas',        '1977-01-01',              'doc',			       'Valdemar@Moreno'),
(          '40',                           'Piense y hágase rico (Think and Grow Rich) ',        '1937-01-01',              'txt',			   'Vespasiano@Ferreyra'),
(          '41',           'La rebeldía de la Sra. Stover (The Revolt of Mamie Stover) ',        '1951-01-01',             'epub',			    'Wilfrido@Domínguez'),
(          '42',      'Los hombres que no amaban a las mujeres (Män som hatar kvinnor) ',        '2005-01-01',              'doc',			     'Wenceslao@Carrizo'),
(          '43',               'La pequeña oruga glotona (The Very Hungry Caterpillar) ',        '1969-01-01',             'epub',			        'Xavier@Peralta'),
(          '44',                         'El Diario de Greg (The Diary of a Wimpy Kid) ',        '2008-01-01',              'txt',			      'Xóchtil@Castillo'),
(          '45',     'La agonía del gran planeta Tierra (The Late, Great Planet Earth) ',        '1970-01-01',              'txt',			          'Yune@Ledesma'),
(          '46',         'Princesa mecánica (The Infernal Devices: Clockwork Princess) ',        '2013-01-01',             'epub',			          'Yaco@Quiroga'),
(          '47',                '¿Quién se ha llevado mi queso? (Who Moved My Cheese?) ',        '1998-01-01',             'epub',			            'Zenón@Vega'),
(          '48',                    'El viento en los sauces (The Wind in the Willows) ',        '1908-01-01',              'doc',			          'Zenobio@Vera'),
(          '49',                                          '1984 (Nineteen Eighty-Four) ',        '1949-01-01',              'pdf',			           'Astor@Muñoz'),
(          '50',                             'Los juegos del hambre (The Hunger Games) ',        '2008-01-01',             'epub',			          'Amadeo@Ojeda'),
(          '51',                      'Las Nueve Revelaciones (The Celestine Prophecy) ',        '1993-01-01',              'txt',			            'Alba@Ponce'),
(          '52',                                           'El Padrino (The Godfather) ',        '1969-01-01',              'doc',			       'Amparo@Villalba'),
(          '53',                                                           'Love Story ',        '1970-01-01',             'epub',			        'Aurora@Cardozo'),
(          '54',                                             'Tótem Lobo (Láng Túténg) ',        '2004-01-01',              'pdf',			       'Beatrix@Navarro'),
(          '55',                 'La prostituta feliz (The Happy Hooker: My Own Story) ',        '1971-01-01',             'epub',			        'Benita@Coronel'),
(          '56',                                                       'Tiburón (Jaws) ',        '1974-01-01',              'txt',			       'Caridad@Vázquez'),
(          '57',                                 'Siempre te querré (Love You Forever) ',        '1986-01-01',              'pdf',			     'Consolación@Ramos'),
(          '58',                                    'El mundo de Sofía (Sofies verden) ',        '1991-01-01',              'txt',			      'Covadonga@Vargas'),
(          '59',          'Sólo para mujeres, o simplemente Mujeres (The Women´s Room) ',        '1977-01-01',              'pdf',			         'Diana@Cáceres'),
(          '60',                                 'Qué esperar cuando se está esperando ',        '1984-01-01',              'pdf',			         'Dolores@Arias'),
(          '61',                                   'Diario de Greg : La Ley de Rodrick ',        '2010-01-01',              'doc',			  'Encarnación@Figueroa'),
(          '62',                                           'Ciudad del Fuego Celestial ',        '2014-01-01',             'epub',			      'Engracia@Córdoba'),
(          '63',                'Donde viven los monstruos (Where The Wild Things Are) ',        '1963-01-01',              'doc',			      'Esperanza@Correa'),
(          '64',                                              'El secreto (The Secret) ',        '2006-01-01',              'doc',			   'Felicidad@Maldonado'),
(          '65',                                       'Miedo a volar (Fear of Flying) ',        '1973-01-01',              'pdf',			             'Flora@Paz'),
(          '66',                                 'Buenas noches, Luna (Goodnight Moon) ',        '1947-01-01',              'doc',			           'Gema@Rivero'),
(          '67',                 'Adivina cuánto te quiero (Guess How Much I Love You) ',        '1994-01-01',              'doc',			        'Gloria@Miranda'),
(          '68',                'Los siete hábitos de las personas altamente efectivas ',        '1989-01-01',              'doc',			       'Gracia@Mansilla'),
(          '69',                                                               'Shōgun ',        '1975-01-01',              'doc',			      'Hortensia@Farias'),
(          '70',                      'El pequeño perrito Poky (The Poky Little Puppy) ',        '1942-01-01',              'doc',			         'Imelda@Roldán'),
(          '71',                  'Los pilares de la Tierra (The Pillars of the Earth) ',        '1989-01-01',              'txt',			         'Jovita@Méndez'),
(          '72',                       'Cómo ganar amigos e influir sobre las personas ',        '1936-01-01',              'doc',			          'Julia@Guzmán'),
(          '73',                      'El perfume o El perfume: historia de un asesino ',        '1985-01-01',              'doc',			        'Leticia@Aguero'),
(          '74',                      'El hombre que susurraba al oído de los caballos ',        '1995-01-01',             'epub',			       'Lucía@Hernández'),
(          '75',                                                 'La sombra del viento ',        '2001-01-01',              'pdf',			            'Luz@Lucero'),
(          '76',                                                'La cabaña (The Shack) ',        '2007-01-01',              'pdf',			          'Mariana@Cruz'),
(          '77',                                            'En llamas (Catching Fire) ',        '2009-01-01',              'pdf',			           'Marina@Páez'),
(          '78',        'Guía del autoestopista galáctico o Guía del viajero galáctico ',        '1979-01-01',              'doc',			       'Nivaria@Escobar'),
(          '79',                  'Martes con mi viejo profesor (Tuesdays with Morrie) ',        '1997-01-01',              'pdf',			        'Noelia@Mendoza'),
(          '80',                               'La parcela de Dios (God´s Little Acre) ',        '1933-01-01',              'txt',			         'Norma@Barrios'),
(          '81',               'Donde el corazón te lleve (Va´ dove ti porta il cuore) ',        '1994-01-01',              'txt',			         'Olivia@Bustos'),
(          '82',                                                 'Sinsajo (Mockingjay) ',        '2010-01-01',              'doc',			          'Paloma@Ávila'),
(          '83',                                             'Rebeldes (The Outsiders) ',        '1967-01-01',              'pdf',			        'Patricio@Ayala'),
(          '84',                                    'Charlie y la fábrica de chocolate ',        '1964-01-01',              'doc',			          'Petra@Blanco'),
(          '85',                                        'Tokio blues (Noruwei no Mori) ',        '1987-01-01',             'epub',			    'Purificación@Soria'),
(          '86',                                                         'Peyton Place ',        '1956-01-01',             'epub',			         'Rocío@Maidana'),
(          '87',                                                                 'Dune ',        '1965-01-01',              'doc',			         'Rosalba@Acuña'),
(          '88',                                                  'La peste (La Peste) ',        '1947-01-01',              'pdf',			      'RupesNigra@Leiva'),
(          '89',                              'Indigno de ser humano (Ningen shikkaku) ',        '1948-01-01',             'epub',			         'Silvia@Duarte'),
(          '90',                                      'El mono desnudo (The Naked Ape) ',        '1968-01-01',             'epub',			        'Taciana@Moyano'),
(          '91',               'Los puentes de Madison (The Bridges of Madison County) ',        '1992-01-01',              'pdf',			         'Ursula@Campos'),
(          '92',                                'Todo se desmorona (Things Fall Apart) ',        '1958-01-01',             'epub',			        'Valentina@Soto'),
(          '93',                                             'El profeta (The Prophet) ',        '1923-01-01',              'doc',			       'Verónica@Martín'),
(          '94',                                          'El exorcista (The Exorcist) ',        '1971-01-01',              'pdf',			       'Victoria@Valdez'),
(          '95',                                            'El grúfalo (The Gruffalo) ',        '1999-01-01',              'pdf',			        'Virginia@Bravo'),
(          '96',                                                 'Trampa 22 (Catch-22) ',        '1961-01-01',              'doc',			       'Zeferina@Chávez'),
(          '97',          'La isla de las tormentas (Storm Island o Eye of the Needle) ',        '1978-01-01',             'epub',			     'Claudis@Velázquez'),
(          '98',                                                     'El gato garabato ',        '1957-01-01',              'doc',			       'Honoria@Olivera'),
(          '99',                                    'Desde mi cielo (The Lovely Bones) ',        '2002-01-01',              'doc',			     'Clementina@Toledo'),
(         '100',                                         'Cisnes salvajes (Wild Swans) ',        '1992-01-01',              'doc',			            'Eva@Franco'),
(         '101',                                                          'Santa Evita ',        '1995-01-01',             'epub',			     'Antonino@González'),
(         '102',                                   'La noche (Un di Velt Hot Geshvign) ',        '1958-01-01',             'epub',			     'Augusto@Rodríguez'),
(         '103',                                'Cometas en el cielo (The Kite Runner) ',        '2003-01-01',             'epub',			       'Bonifacio@Gómez'),
(         '104',              'Observaciones de Yu Dan sobre las Analectas de Confucio ',        '2006-01-01',              'doc',			   'Benedicto@Fernández'),
(         '105',                                     'La mujer total (The Total Woman) ',        '1974-01-01',              'doc',			        'Clemente@López'),
(         '106',                    'Historia del futuro, la sociedad del conocimiento ',        '1985-01-01',              'txt',			         'Cipriano@Díaz'),
(         '107',                         'Problemas de la economía socialista de China ',        '1979-01-01',              'pdf',			     'Dalmacio@Martínez'),
(         '108',      '¿De qué color es su paracaídas? (What Color is Your Parachute?) ',        '1970-01-01',              'doc',			         'Deodato@Pérez');
																																			       
INSERT INTO `db_grupo2`.`documento_categoria` (`documento_id_documento`, `categoria_id_categoria`) VALUES									       
(32,2),																																		       
(20,1),
(28,6),
(45,1),
(28,1),
(35,6),
(3,1),
(6,5),
(21,1),
(31,4),
(12,1),
(22,3),
(26,6),
(24,4),
(30,6),
(23,5),
(17,4),
(27,3),
(18,2),
(23,2),
(12,3),
(43,1),
(21,3),
(36,5),
(27,1),
(41,1),
(14,3),
(37,6),
(10,3),
(40,2),
(44,2),
(35,2),
(38,4),
(33,3),
(16,5),
(19,6),
(7,6),
(11,3),
(34,4),
(39,1),
(28,2),
(46,4),
(5,1),
(2,2),
(15,1),
(3,6),
(9,6),
(8,2),
(42,1),
(14,1),
(37,2),
(6,4),
(13,5),
(8,5),
(4,5),
(29,5),
(25,4),
(2,5);


USE db_grupo2;
CREATE TRIGGER before_documento_delete BEFORE DELETE ON documento FOR EACH ROW SIGNAL sqlstate '45001' set message_text = "No se puede eliminar registros de la tabla documento!";